{"cameraMode":{"drawMode":0,"name":"Shaded","section":"Shading Mode"},"sceneLighting":true,"audioPlay":false,"sceneViewState":{"m_AlwaysRefresh":true,"showFog":true,"showSkybox":true,"showFlares":true,"showImageEffects":true,"showParticleSystems":true,"showVisualEffectGraphs":true,"m_FxEnabled":true},"in2DMode":false,"pivot":{"x":-23.897016525268556,"y":-4.201207637786865,"z":-4.804582595825195},"rotation":{"x":0.3584701418876648,"y":0.034995995461940768,"z":-0.013448938727378846,"w":0.9327890872955322},"size":208.97836303710938,"orthographic":false}